builder,n,action_coverage_mean,action_coverage_sample_sd,action_coverage_defined,action_coverage_undefined,fragmentation_mean,fragmentation_sample_sd,fragmentation_defined,fragmentation_undefined,over_merge_mean,over_merge_sample_sd,over_merge_defined,over_merge_undefined,contamination_mean,contamination_sample_sd,contamination_defined,contamination_undefined,episode_f1_mean,episode_f1_sample_sd,episode_f1_defined,episode_f1_undefined,exact_complete_recovery_mean,exact_complete_recovery_sample_sd,exact_complete_recovery_defined,exact_complete_recovery_undefined
EB1_time_window,70,0.8071428571428572,0.3479705531594801,70,0,0.07142857142857142,0.2593988910521574,70,0,0.0,0.0,70,0,0.17777777777777776,0.2078195170418985,60,10,0.8142857142857143,0.3527472775542657,70,0,0.6714285714285714,0.47308511264837305,70,0
EB2_time_entity,70,0.5809523809523809,0.286214193441311,70,0,0.07142857142857142,0.2593988910521574,70,0,0.0,0.0,70,0,0.11388888888888889,0.17220095853180323,60,10,0.5714285714285714,0.2676482967740418,70,0,0.14285714285714285,0.3524536884251207,70,0
EB3_trustepisode,70,0.8214285714285714,0.3487629721831799,70,0,0.0,0.0,70,0,0.0,0.0,70,0,0.17777777777777776,0.2078195170418985,60,10,0.8571428571428571,0.3524536884251207,70,0,0.7142857142857143,0.4550157551932901,70,0
ABL_no_process_causal,70,0.8214285714285714,0.3487629721831799,70,0,0.0,0.0,70,0,0.0,0.0,70,0,0.17777777777777776,0.2078195170418985,60,10,0.8571428571428571,0.3524536884251207,70,0,0.7142857142857143,0.4550157551932901,70,0
ABL_no_authenticated_session,70,0.8214285714285714,0.3487629721831799,70,0,0.0,0.0,70,0,0.0,0.0,70,0,0.17777777777777776,0.2078195170418985,60,10,0.8571428571428571,0.3524536884251207,70,0,0.7142857142857143,0.4550157551932901,70,0
ABL_no_endpoint_connection,70,0.8214285714285714,0.3487629721831799,70,0,0.0,0.0,70,0,0.0,0.0,70,0,0.17777777777777776,0.2078195170418985,60,10,0.8571428571428571,0.3524536884251207,70,0,0.7142857142857143,0.4550157551932901,70,0
ABL_no_hub_guard,70,0.8357142857142857,0.3348310040038647,70,0,0.0,0.0,70,0,0.0,0.0,70,0,0.17486338797814208,0.20733366717594756,61,9,0.8666666666666666,0.33765316796344264,70,0,0.7285714285714285,0.44790748822990484,70,0
ABL_no_parent_merge,70,0.8214285714285714,0.3487629721831799,70,0,0.0,0.0,70,0,0.0,0.0,70,0,0.17777777777777776,0.2078195170418985,60,10,0.8571428571428571,0.3524536884251207,70,0,0.7142857142857143,0.4550157551932901,70,0
ABL_no_late_successor,70,0.8357142857142857,0.3348310040038647,70,0,0.0,0.0,70,0,0.0,0.0,70,0,0.17486338797814208,0.20733366717594756,61,9,0.8628571428571429,0.341425582772335,70,0,0.7285714285714285,0.44790748822990484,70,0
